,0,1,accuracy,macro avg,weighted avg
precision,0.7426470588235294,0.8629737609329446,0.8288100208768268,0.802810409878237,0.8257955732248163
recall,0.6824324324324325,0.8942598187311178,0.8288100208768268,0.7883461255817752,0.8288100208768268
f1-score,0.7112676056338029,0.8783382789317508,0.8288100208768268,0.7948029422827768,0.8267172775787314
support,148.0,331.0,0.8288100208768268,479.0,479.0
