,0,1,accuracy,macro avg,weighted avg
precision,0.6588235294117647,0.9121212121212121,0.8602409638554217,0.7854723707664883,0.8602409638554217
recall,0.6588235294117647,0.9121212121212121,0.8602409638554217,0.7854723707664883,0.8602409638554217
f1-score,0.6588235294117647,0.9121212121212121,0.8602409638554217,0.7854723707664883,0.8602409638554217
support,85.0,330.0,0.8602409638554217,415.0,415.0
